CREATE TABLE `LVAC` ( `IDLieux` text NOT NULL, `Batiment` text NOT NULL, `Creneaux` text NOT NULL, `NbPersoMax` text NOT NULL, `nbDoses` text NOT NULL ) ENGINE=InnoDB DEFAULT CHARSET=utf8 COLLATE=utf8_general_ci;ALTER TABLE `LVAC` ADD PRIMARY KEY (`IDLieux`(255));INSERT INTO `LVAC`(`IDLieux`, `Batiment`, `Creneaux`, `NbPersoMax`, `nbDoses`) VALUES (1,'Pharmacie St-Dié','85','32','43');
INSERT INTO `LVAC`(`IDLieux`, `Batiment`, `Creneaux`, `NbPersoMax`, `nbDoses`) VALUES (2,'Laboratoire St-Dié','41','21','46');
INSERT INTO `LVAC`(`IDLieux`, `Batiment`, `Creneaux`, `NbPersoMax`, `nbDoses`) VALUES (3,'Laboratoire Metz','77','20','37');
INSERT INTO `LVAC`(`IDLieux`, `Batiment`, `Creneaux`, `NbPersoMax`, `nbDoses`) VALUES (4,'Mairie Paris','3','46','36');
INSERT INTO `LVAC`(`IDLieux`, `Batiment`, `Creneaux`, `NbPersoMax`, `nbDoses`) VALUES (5,'Laboratoire Metz','45','20','59');
INSERT INTO `LVAC`(`IDLieux`, `Batiment`, `Creneaux`, `NbPersoMax`, `nbDoses`) VALUES (6,'Laboratoire Nancy','56','31','54');
INSERT INTO `LVAC`(`IDLieux`, `Batiment`, `Creneaux`, `NbPersoMax`, `nbDoses`) VALUES (7,'Pharmacie Metz','97','48','51');
INSERT INTO `LVAC`(`IDLieux`, `Batiment`, `Creneaux`, `NbPersoMax`, `nbDoses`) VALUES (8,'Pharmacie Nancy','33','33','37');
INSERT INTO `LVAC`(`IDLieux`, `Batiment`, `Creneaux`, `NbPersoMax`, `nbDoses`) VALUES (9,'Pharmacie Metz','1','69','33');
INSERT INTO `LVAC`(`IDLieux`, `Batiment`, `Creneaux`, `NbPersoMax`, `nbDoses`) VALUES (10,'Mairie Paris','82','10','56');
INSERT INTO `LVAC`(`IDLieux`, `Batiment`, `Creneaux`, `NbPersoMax`, `nbDoses`) VALUES (11,'Mairie Paris','65','63','12');
INSERT INTO `LVAC`(`IDLieux`, `Batiment`, `Creneaux`, `NbPersoMax`, `nbDoses`) VALUES (12,'Pharmacie Paris','26','36','32');
INSERT INTO `LVAC`(`IDLieux`, `Batiment`, `Creneaux`, `NbPersoMax`, `nbDoses`) VALUES (13,'Mairie St-Dié','86','14','39');
INSERT INTO `LVAC`(`IDLieux`, `Batiment`, `Creneaux`, `NbPersoMax`, `nbDoses`) VALUES (14,'Mairie Nancy','91','39','70');
INSERT INTO `LVAC`(`IDLieux`, `Batiment`, `Creneaux`, `NbPersoMax`, `nbDoses`) VALUES (15,'Laboratoire Paris','22','40','21');
INSERT INTO `LVAC`(`IDLieux`, `Batiment`, `Creneaux`, `NbPersoMax`, `nbDoses`) VALUES (16,'Mairie St-Dié','77','17','61');
INSERT INTO `LVAC`(`IDLieux`, `Batiment`, `Creneaux`, `NbPersoMax`, `nbDoses`) VALUES (17,'Laboratoire Nancy','76','13','45');
INSERT INTO `LVAC`(`IDLieux`, `Batiment`, `Creneaux`, `NbPersoMax`, `nbDoses`) VALUES (18,'Laboratoire Metz','80','16','16');
INSERT INTO `LVAC`(`IDLieux`, `Batiment`, `Creneaux`, `NbPersoMax`, `nbDoses`) VALUES (19,'Pharmacie Metz','35','27','14');
INSERT INTO `LVAC`(`IDLieux`, `Batiment`, `Creneaux`, `NbPersoMax`, `nbDoses`) VALUES (20,'Laboratoire Nancy','3','22','30');
INSERT INTO `LVAC`(`IDLieux`, `Batiment`, `Creneaux`, `NbPersoMax`, `nbDoses`) VALUES (21,'Mairie St-Dié','15','56','47');
INSERT INTO `LVAC`(`IDLieux`, `Batiment`, `Creneaux`, `NbPersoMax`, `nbDoses`) VALUES (22,'Mairie Paris','10','56','31');
INSERT INTO `LVAC`(`IDLieux`, `Batiment`, `Creneaux`, `NbPersoMax`, `nbDoses`) VALUES (23,'Pharmacie St-Dié','7','19','66');
INSERT INTO `LVAC`(`IDLieux`, `Batiment`, `Creneaux`, `NbPersoMax`, `nbDoses`) VALUES (24,'Pharmacie St-Dié','18','45','45');
INSERT INTO `LVAC`(`IDLieux`, `Batiment`, `Creneaux`, `NbPersoMax`, `nbDoses`) VALUES (25,'Pharmacie Paris','67','33','44');
INSERT INTO `LVAC`(`IDLieux`, `Batiment`, `Creneaux`, `NbPersoMax`, `nbDoses`) VALUES (26,'Laboratoire Metz','35','26','59');
INSERT INTO `LVAC`(`IDLieux`, `Batiment`, `Creneaux`, `NbPersoMax`, `nbDoses`) VALUES (27,'Mairie Nancy','4','57','23');
INSERT INTO `LVAC`(`IDLieux`, `Batiment`, `Creneaux`, `NbPersoMax`, `nbDoses`) VALUES (28,'Pharmacie Paris','74','27','17');
INSERT INTO `LVAC`(`IDLieux`, `Batiment`, `Creneaux`, `NbPersoMax`, `nbDoses`) VALUES (29,'Mairie Metz','82','69','21');
INSERT INTO `LVAC`(`IDLieux`, `Batiment`, `Creneaux`, `NbPersoMax`, `nbDoses`) VALUES (30,'Pharmacie Metz','14','28','29');
INSERT INTO `LVAC`(`IDLieux`, `Batiment`, `Creneaux`, `NbPersoMax`, `nbDoses`) VALUES (31,'Pharmacie St-Dié','25','65','64');
INSERT INTO `LVAC`(`IDLieux`, `Batiment`, `Creneaux`, `NbPersoMax`, `nbDoses`) VALUES (32,'Mairie Metz','89','28','51');
INSERT INTO `LVAC`(`IDLieux`, `Batiment`, `Creneaux`, `NbPersoMax`, `nbDoses`) VALUES (33,'Mairie Nancy','82','45','21');
INSERT INTO `LVAC`(`IDLieux`, `Batiment`, `Creneaux`, `NbPersoMax`, `nbDoses`) VALUES (34,'Laboratoire Nancy','75','50','61');
INSERT INTO `LVAC`(`IDLieux`, `Batiment`, `Creneaux`, `NbPersoMax`, `nbDoses`) VALUES (35,'Pharmacie Metz','90','68','67');
INSERT INTO `LVAC`(`IDLieux`, `Batiment`, `Creneaux`, `NbPersoMax`, `nbDoses`) VALUES (36,'Pharmacie Nancy','82','45','49');
INSERT INTO `LVAC`(`IDLieux`, `Batiment`, `Creneaux`, `NbPersoMax`, `nbDoses`) VALUES (37,'Mairie Nancy','6','65','53');
INSERT INTO `LVAC`(`IDLieux`, `Batiment`, `Creneaux`, `NbPersoMax`, `nbDoses`) VALUES (38,'Laboratoire Paris','52','47','32');
INSERT INTO `LVAC`(`IDLieux`, `Batiment`, `Creneaux`, `NbPersoMax`, `nbDoses`) VALUES (39,'Mairie Metz','87','13','53');
INSERT INTO `LVAC`(`IDLieux`, `Batiment`, `Creneaux`, `NbPersoMax`, `nbDoses`) VALUES (40,'Mairie Nancy','97','69','60');CREATE TABLE `Patients` ( `NumSecu` text NOT NULL, `maladieChronique` text NOT NULL, `Grossesse` text NOT NULL, `IDLieux` text NOT NULL, `Nom` text NOT NULL, `age` text NOT NULL, `sexe` text NOT NULL, `adresse` text NOT NULL, `profession` text NOT NULL ) ENGINE=InnoDB DEFAULT CHARSET=utf8 COLLATE=utf8_general_ci;ALTER TABLE `Patients` ADD PRIMARY KEY (`NumSecu`(255));INSERT INTO `Patients`(`NumSecu`, `maladieChronique`, `Grossesse`, `IDLieux`, `Nom`, `age`, `sexe`, `adresse`, `profession`) VALUES (2632982422482,'0','0','1','Ward','56','2','Nancy France','etudiant');
INSERT INTO `Patients`(`NumSecu`, `maladieChronique`, `Grossesse`, `IDLieux`, `Nom`, `age`, `sexe`, `adresse`, `profession`) VALUES (2549505926575,'0','0','2','scott','46','2','Metz France','technicien');
INSERT INTO `Patients`(`NumSecu`, `maladieChronique`, `Grossesse`, `IDLieux`, `Nom`, `age`, `sexe`, `adresse`, `profession`) VALUES (1111902708480,'1','0','3','Martin','36','1','St-Dié France','avocat');
INSERT INTO `Patients`(`NumSecu`, `maladieChronique`, `Grossesse`, `IDLieux`, `Nom`, `age`, `sexe`, `adresse`, `profession`) VALUES (1380679800432,'1','0','4','scott','70','1','Metz France','technicien');
INSERT INTO `Patients`(`NumSecu`, `maladieChronique`, `Grossesse`, `IDLieux`, `Nom`, `age`, `sexe`, `adresse`, `profession`) VALUES (1773803542408,'0','0','5','Allen','52','1','Metz France','pilote');
INSERT INTO `Patients`(`NumSecu`, `maladieChronique`, `Grossesse`, `IDLieux`, `Nom`, `age`, `sexe`, `adresse`, `profession`) VALUES (2748182754927,'0','1','6','Jones','78','2','St-Dié France','enseignant');
INSERT INTO `Patients`(`NumSecu`, `maladieChronique`, `Grossesse`, `IDLieux`, `Nom`, `age`, `sexe`, `adresse`, `profession`) VALUES (2524471478265,'0','0','7','Ward','69','2','Metz France','etudiant');
INSERT INTO `Patients`(`NumSecu`, `maladieChronique`, `Grossesse`, `IDLieux`, `Nom`, `age`, `sexe`, `adresse`, `profession`) VALUES (1439213271422,'1','0','8','Martin','46','1','Nancy France','avocat');
INSERT INTO `Patients`(`NumSecu`, `maladieChronique`, `Grossesse`, `IDLieux`, `Nom`, `age`, `sexe`, `adresse`, `profession`) VALUES (1607316347504,'0','0','9','Ward','24','1','Metz France','etudiant');
INSERT INTO `Patients`(`NumSecu`, `maladieChronique`, `Grossesse`, `IDLieux`, `Nom`, `age`, `sexe`, `adresse`, `profession`) VALUES (1997954100679,'1','0','10','Ward','26','1','Nancy France','etudiant');
INSERT INTO `Patients`(`NumSecu`, `maladieChronique`, `Grossesse`, `IDLieux`, `Nom`, `age`, `sexe`, `adresse`, `profession`) VALUES (1932632139771,'1','0','11','Martin','60','1','Metz France','avocat');
INSERT INTO `Patients`(`NumSecu`, `maladieChronique`, `Grossesse`, `IDLieux`, `Nom`, `age`, `sexe`, `adresse`, `profession`) VALUES (2129917361564,'1','1','12','scott','80','2','Nancy France','technicien');
INSERT INTO `Patients`(`NumSecu`, `maladieChronique`, `Grossesse`, `IDLieux`, `Nom`, `age`, `sexe`, `adresse`, `profession`) VALUES (1119004843202,'0','0','13','scott','24','1','Nancy France','technicien');
INSERT INTO `Patients`(`NumSecu`, `maladieChronique`, `Grossesse`, `IDLieux`, `Nom`, `age`, `sexe`, `adresse`, `profession`) VALUES (2967650506825,'1','1','14','scott','79','2','Nancy France','technicien');
INSERT INTO `Patients`(`NumSecu`, `maladieChronique`, `Grossesse`, `IDLieux`, `Nom`, `age`, `sexe`, `adresse`, `profession`) VALUES (2597091475711,'1','1','15','scott','46','2','Metz France','technicien');
INSERT INTO `Patients`(`NumSecu`, `maladieChronique`, `Grossesse`, `IDLieux`, `Nom`, `age`, `sexe`, `adresse`, `profession`) VALUES (2678545353594,'1','1','16','scott','23','2','Metz France','technicien');
INSERT INTO `Patients`(`NumSecu`, `maladieChronique`, `Grossesse`, `IDLieux`, `Nom`, `age`, `sexe`, `adresse`, `profession`) VALUES (2969295330126,'0','0','17','scott','74','2','Metz France','technicien');
INSERT INTO `Patients`(`NumSecu`, `maladieChronique`, `Grossesse`, `IDLieux`, `Nom`, `age`, `sexe`, `adresse`, `profession`) VALUES (2408812482320,'0','1','18','Allen','72','2','St-Dié France','pilote');
INSERT INTO `Patients`(`NumSecu`, `maladieChronique`, `Grossesse`, `IDLieux`, `Nom`, `age`, `sexe`, `adresse`, `profession`) VALUES (1184447849652,'0','0','19','Jones','24','1','St-Dié France','enseignant');
INSERT INTO `Patients`(`NumSecu`, `maladieChronique`, `Grossesse`, `IDLieux`, `Nom`, `age`, `sexe`, `adresse`, `profession`) VALUES (2743560654751,'0','1','20','Ward','63','2','Metz France','etudiant');
INSERT INTO `Patients`(`NumSecu`, `maladieChronique`, `Grossesse`, `IDLieux`, `Nom`, `age`, `sexe`, `adresse`, `profession`) VALUES (2478372928640,'1','0','21','scott','66','2','Metz France','technicien');
INSERT INTO `Patients`(`NumSecu`, `maladieChronique`, `Grossesse`, `IDLieux`, `Nom`, `age`, `sexe`, `adresse`, `profession`) VALUES (1445042987385,'1','0','22','scott','80','1','Nancy France','technicien');
INSERT INTO `Patients`(`NumSecu`, `maladieChronique`, `Grossesse`, `IDLieux`, `Nom`, `age`, `sexe`, `adresse`, `profession`) VALUES (2533525850887,'0','0','23','scott','79','2','Metz France','technicien');
INSERT INTO `Patients`(`NumSecu`, `maladieChronique`, `Grossesse`, `IDLieux`, `Nom`, `age`, `sexe`, `adresse`, `profession`) VALUES (2575970899646,'1','0','24','scott','37','2','St-Dié France','technicien');
INSERT INTO `Patients`(`NumSecu`, `maladieChronique`, `Grossesse`, `IDLieux`, `Nom`, `age`, `sexe`, `adresse`, `profession`) VALUES (2469588373135,'1','1','25','Allen','27','2','St-Dié France','pilote');
INSERT INTO `Patients`(`NumSecu`, `maladieChronique`, `Grossesse`, `IDLieux`, `Nom`, `age`, `sexe`, `adresse`, `profession`) VALUES (2947605819876,'1','0','26','Ward','35','2','St-Dié France','etudiant');
INSERT INTO `Patients`(`NumSecu`, `maladieChronique`, `Grossesse`, `IDLieux`, `Nom`, `age`, `sexe`, `adresse`, `profession`) VALUES (1101984820713,'1','0','27','Martin','63','1','Metz France','avocat');
INSERT INTO `Patients`(`NumSecu`, `maladieChronique`, `Grossesse`, `IDLieux`, `Nom`, `age`, `sexe`, `adresse`, `profession`) VALUES (2809195905766,'1','0','28','Martin','76','2','Nancy France','avocat');
INSERT INTO `Patients`(`NumSecu`, `maladieChronique`, `Grossesse`, `IDLieux`, `Nom`, `age`, `sexe`, `adresse`, `profession`) VALUES (1505162094123,'0','0','29','Ward','73','1','St-Dié France','etudiant');
INSERT INTO `Patients`(`NumSecu`, `maladieChronique`, `Grossesse`, `IDLieux`, `Nom`, `age`, `sexe`, `adresse`, `profession`) VALUES (1247177204204,'1','0','30','Martin','47','1','Metz France','avocat');
INSERT INTO `Patients`(`NumSecu`, `maladieChronique`, `Grossesse`, `IDLieux`, `Nom`, `age`, `sexe`, `adresse`, `profession`) VALUES (1762438978951,'1','0','31','scott','70','1','Metz France','technicien');
INSERT INTO `Patients`(`NumSecu`, `maladieChronique`, `Grossesse`, `IDLieux`, `Nom`, `age`, `sexe`, `adresse`, `profession`) VALUES (1208034001746,'1','0','32','Jones','64','1','Nancy France','enseignant');
INSERT INTO `Patients`(`NumSecu`, `maladieChronique`, `Grossesse`, `IDLieux`, `Nom`, `age`, `sexe`, `adresse`, `profession`) VALUES (2770371034974,'0','1','33','Allen','45','2','St-Dié France','pilote');
INSERT INTO `Patients`(`NumSecu`, `maladieChronique`, `Grossesse`, `IDLieux`, `Nom`, `age`, `sexe`, `adresse`, `profession`) VALUES (2922786920182,'1','1','34','Ward','73','2','St-Dié France','etudiant');
INSERT INTO `Patients`(`NumSecu`, `maladieChronique`, `Grossesse`, `IDLieux`, `Nom`, `age`, `sexe`, `adresse`, `profession`) VALUES (2561012323221,'0','0','35','Martin','70','2','Metz France','avocat');
INSERT INTO `Patients`(`NumSecu`, `maladieChronique`, `Grossesse`, `IDLieux`, `Nom`, `age`, `sexe`, `adresse`, `profession`) VALUES (2420610766274,'1','0','36','Ward','68','2','Nancy France','etudiant');
INSERT INTO `Patients`(`NumSecu`, `maladieChronique`, `Grossesse`, `IDLieux`, `Nom`, `age`, `sexe`, `adresse`, `profession`) VALUES (2577267381074,'1','1','37','Allen','52','2','Metz France','pilote');
INSERT INTO `Patients`(`NumSecu`, `maladieChronique`, `Grossesse`, `IDLieux`, `Nom`, `age`, `sexe`, `adresse`, `profession`) VALUES (2688674580373,'0','0','38','scott','65','2','Nancy France','technicien');
INSERT INTO `Patients`(`NumSecu`, `maladieChronique`, `Grossesse`, `IDLieux`, `Nom`, `age`, `sexe`, `adresse`, `profession`) VALUES (2274862174379,'0','1','39','Ward','63','2','Metz France','etudiant');
INSERT INTO `Patients`(`NumSecu`, `maladieChronique`, `Grossesse`, `IDLieux`, `Nom`, `age`, `sexe`, `adresse`, `profession`) VALUES (2718390726448,'1','1','40','Ward','40','2','St-Dié France','etudiant');CREATE TABLE `INSCRIRE` ( `date` text NOT NULL, `heure` text NOT NULL ) ENGINE=InnoDB DEFAULT CHARSET=utf8 COLLATE=utf8_general_ci;INSERT INTO `INSCRIRE`(`date`, `heure`) VALUES ('4-6-28','19');
INSERT INTO `INSCRIRE`(`date`, `heure`) VALUES ('10-10-19','19');
INSERT INTO `INSCRIRE`(`date`, `heure`) VALUES ('6-4-23','13');
INSERT INTO `INSCRIRE`(`date`, `heure`) VALUES ('11-3-9','17');
INSERT INTO `INSCRIRE`(`date`, `heure`) VALUES ('11-4-27','13');
INSERT INTO `INSCRIRE`(`date`, `heure`) VALUES ('15-10-13','13');
INSERT INTO `INSCRIRE`(`date`, `heure`) VALUES ('15-5-20','10');
INSERT INTO `INSCRIRE`(`date`, `heure`) VALUES ('15-12-25','18');
INSERT INTO `INSCRIRE`(`date`, `heure`) VALUES ('1-12-13','12');
INSERT INTO `INSCRIRE`(`date`, `heure`) VALUES ('2-8-26','13');
INSERT INTO `INSCRIRE`(`date`, `heure`) VALUES ('30-10-22','11');
INSERT INTO `INSCRIRE`(`date`, `heure`) VALUES ('5-4-20','19');
INSERT INTO `INSCRIRE`(`date`, `heure`) VALUES ('22-2-14','18');
INSERT INTO `INSCRIRE`(`date`, `heure`) VALUES ('20-8-7','9');
INSERT INTO `INSCRIRE`(`date`, `heure`) VALUES ('19-12-17','11');
INSERT INTO `INSCRIRE`(`date`, `heure`) VALUES ('4-5-24','11');
INSERT INTO `INSCRIRE`(`date`, `heure`) VALUES ('22-12-25','15');
INSERT INTO `INSCRIRE`(`date`, `heure`) VALUES ('1-5-10','9');
INSERT INTO `INSCRIRE`(`date`, `heure`) VALUES ('20-3-27','17');
INSERT INTO `INSCRIRE`(`date`, `heure`) VALUES ('22-10-9','12');
INSERT INTO `INSCRIRE`(`date`, `heure`) VALUES ('1-2-5','12');
INSERT INTO `INSCRIRE`(`date`, `heure`) VALUES ('25-2-28','12');
INSERT INTO `INSCRIRE`(`date`, `heure`) VALUES ('22-2-28','18');
INSERT INTO `INSCRIRE`(`date`, `heure`) VALUES ('8-6-22','10');
INSERT INTO `INSCRIRE`(`date`, `heure`) VALUES ('17-4-9','10');
INSERT INTO `INSCRIRE`(`date`, `heure`) VALUES ('29-4-5','16');
INSERT INTO `INSCRIRE`(`date`, `heure`) VALUES ('16-12-15','8');
INSERT INTO `INSCRIRE`(`date`, `heure`) VALUES ('6-12-10','9');
INSERT INTO `INSCRIRE`(`date`, `heure`) VALUES ('25-11-6','12');
INSERT INTO `INSCRIRE`(`date`, `heure`) VALUES ('25-10-5','10');
INSERT INTO `INSCRIRE`(`date`, `heure`) VALUES ('15-4-27','13');
INSERT INTO `INSCRIRE`(`date`, `heure`) VALUES ('11-9-26','12');
INSERT INTO `INSCRIRE`(`date`, `heure`) VALUES ('2-6-28','18');
INSERT INTO `INSCRIRE`(`date`, `heure`) VALUES ('8-9-4','19');
INSERT INTO `INSCRIRE`(`date`, `heure`) VALUES ('23-5-5','15');
INSERT INTO `INSCRIRE`(`date`, `heure`) VALUES ('18-10-24','9');
INSERT INTO `INSCRIRE`(`date`, `heure`) VALUES ('25-1-19','11');
INSERT INTO `INSCRIRE`(`date`, `heure`) VALUES ('3-1-6','8');
INSERT INTO `INSCRIRE`(`date`, `heure`) VALUES ('28-4-27','13');
INSERT INTO `INSCRIRE`(`date`, `heure`) VALUES ('30-2-27','14');CREATE TABLE `Personnels` ( `IDPerso` text NOT NULL, `nb_Patient` text NOT NULL, `Nom` text NOT NULL, `age` text NOT NULL, `sexe` text NOT NULL, `profession` text NOT NULL ) ENGINE=InnoDB DEFAULT CHARSET=utf8 COLLATE=utf8_general_ci;ALTER TABLE `Personnels` ADD PRIMARY KEY (`IDPerso`(255));INSERT INTO `Personnels`(`IDPerso`, `nb_Patient`, `Nom`, `age`, `sexe`, `profession`) VALUES (1,'10','Ward','74','2','infirmer-e');
INSERT INTO `Personnels`(`IDPerso`, `nb_Patient`, `Nom`, `age`, `sexe`, `profession`) VALUES (2,'2','Jones','46','2','infirmer-e');
INSERT INTO `Personnels`(`IDPerso`, `nb_Patient`, `Nom`, `age`, `sexe`, `profession`) VALUES (3,'4','Martin','25','2','infirmer-e');
INSERT INTO `Personnels`(`IDPerso`, `nb_Patient`, `Nom`, `age`, `sexe`, `profession`) VALUES (4,'3','Jones','54','2','Medecin');
INSERT INTO `Personnels`(`IDPerso`, `nb_Patient`, `Nom`, `age`, `sexe`, `profession`) VALUES (5,'8','scott','26','2','aide-soignant-e');
INSERT INTO `Personnels`(`IDPerso`, `nb_Patient`, `Nom`, `age`, `sexe`, `profession`) VALUES (6,'4','Martin','27','2','infirmer-e');
INSERT INTO `Personnels`(`IDPerso`, `nb_Patient`, `Nom`, `age`, `sexe`, `profession`) VALUES (7,'4','Ward','56','1','Medecin');
INSERT INTO `Personnels`(`IDPerso`, `nb_Patient`, `Nom`, `age`, `sexe`, `profession`) VALUES (8,'10','Martin','45','2','aide-soignant-e');
INSERT INTO `Personnels`(`IDPerso`, `nb_Patient`, `Nom`, `age`, `sexe`, `profession`) VALUES (9,'11','Jones','69','2','Medecin');
INSERT INTO `Personnels`(`IDPerso`, `nb_Patient`, `Nom`, `age`, `sexe`, `profession`) VALUES (10,'9','Martin','44','2','infirmer-e');
INSERT INTO `Personnels`(`IDPerso`, `nb_Patient`, `Nom`, `age`, `sexe`, `profession`) VALUES (11,'4','Martin','34','1','aide-soignant-e');
INSERT INTO `Personnels`(`IDPerso`, `nb_Patient`, `Nom`, `age`, `sexe`, `profession`) VALUES (12,'12','Allen','74','1','infirmer-e');
INSERT INTO `Personnels`(`IDPerso`, `nb_Patient`, `Nom`, `age`, `sexe`, `profession`) VALUES (13,'11','scott','55','1','infirmer-e');
INSERT INTO `Personnels`(`IDPerso`, `nb_Patient`, `Nom`, `age`, `sexe`, `profession`) VALUES (14,'2','Martin','41','1','Medecin');
INSERT INTO `Personnels`(`IDPerso`, `nb_Patient`, `Nom`, `age`, `sexe`, `profession`) VALUES (15,'4','Allen','72','2','aide-soignant-e');
INSERT INTO `Personnels`(`IDPerso`, `nb_Patient`, `Nom`, `age`, `sexe`, `profession`) VALUES (16,'12','Allen','38','2','infirmer-e');
INSERT INTO `Personnels`(`IDPerso`, `nb_Patient`, `Nom`, `age`, `sexe`, `profession`) VALUES (17,'4','Martin','25','2','Medecin');
INSERT INTO `Personnels`(`IDPerso`, `nb_Patient`, `Nom`, `age`, `sexe`, `profession`) VALUES (18,'3','Martin','41','2','Medecin');
INSERT INTO `Personnels`(`IDPerso`, `nb_Patient`, `Nom`, `age`, `sexe`, `profession`) VALUES (19,'9','Jones','62','1','aide-soignant-e');
INSERT INTO `Personnels`(`IDPerso`, `nb_Patient`, `Nom`, `age`, `sexe`, `profession`) VALUES (20,'2','scott','54','2','Medecin');
INSERT INTO `Personnels`(`IDPerso`, `nb_Patient`, `Nom`, `age`, `sexe`, `profession`) VALUES (21,'4','Jones','58','2','aide-soignant-e');
INSERT INTO `Personnels`(`IDPerso`, `nb_Patient`, `Nom`, `age`, `sexe`, `profession`) VALUES (22,'8','scott','30','2','Medecin');
INSERT INTO `Personnels`(`IDPerso`, `nb_Patient`, `Nom`, `age`, `sexe`, `profession`) VALUES (23,'11','Allen','63','1','aide-soignant-e');
INSERT INTO `Personnels`(`IDPerso`, `nb_Patient`, `Nom`, `age`, `sexe`, `profession`) VALUES (24,'3','Jones','63','2','Medecin');
INSERT INTO `Personnels`(`IDPerso`, `nb_Patient`, `Nom`, `age`, `sexe`, `profession`) VALUES (25,'10','Ward','38','2','Medecin');
INSERT INTO `Personnels`(`IDPerso`, `nb_Patient`, `Nom`, `age`, `sexe`, `profession`) VALUES (26,'4','Jones','50','1','infirmer-e');
INSERT INTO `Personnels`(`IDPerso`, `nb_Patient`, `Nom`, `age`, `sexe`, `profession`) VALUES (27,'8','Jones','71','1','infirmer-e');
INSERT INTO `Personnels`(`IDPerso`, `nb_Patient`, `Nom`, `age`, `sexe`, `profession`) VALUES (28,'5','Jones','43','2','infirmer-e');
INSERT INTO `Personnels`(`IDPerso`, `nb_Patient`, `Nom`, `age`, `sexe`, `profession`) VALUES (29,'9','Jones','41','2','aide-soignant-e');
INSERT INTO `Personnels`(`IDPerso`, `nb_Patient`, `Nom`, `age`, `sexe`, `profession`) VALUES (30,'7','Martin','46','2','Medecin');
INSERT INTO `Personnels`(`IDPerso`, `nb_Patient`, `Nom`, `age`, `sexe`, `profession`) VALUES (31,'6','Martin','36','1','infirmer-e');
INSERT INTO `Personnels`(`IDPerso`, `nb_Patient`, `Nom`, `age`, `sexe`, `profession`) VALUES (32,'9','Ward','67','1','infirmer-e');
INSERT INTO `Personnels`(`IDPerso`, `nb_Patient`, `Nom`, `age`, `sexe`, `profession`) VALUES (33,'7','Jones','52','2','aide-soignant-e');
INSERT INTO `Personnels`(`IDPerso`, `nb_Patient`, `Nom`, `age`, `sexe`, `profession`) VALUES (34,'5','Martin','79','2','infirmer-e');
INSERT INTO `Personnels`(`IDPerso`, `nb_Patient`, `Nom`, `age`, `sexe`, `profession`) VALUES (35,'7','Allen','74','1','Medecin');
INSERT INTO `Personnels`(`IDPerso`, `nb_Patient`, `Nom`, `age`, `sexe`, `profession`) VALUES (36,'12','Jones','72','1','aide-soignant-e');
INSERT INTO `Personnels`(`IDPerso`, `nb_Patient`, `Nom`, `age`, `sexe`, `profession`) VALUES (37,'9','Martin','56','2','aide-soignant-e');
INSERT INTO `Personnels`(`IDPerso`, `nb_Patient`, `Nom`, `age`, `sexe`, `profession`) VALUES (38,'3','Ward','71','1','infirmer-e');
INSERT INTO `Personnels`(`IDPerso`, `nb_Patient`, `Nom`, `age`, `sexe`, `profession`) VALUES (39,'12','Ward','22','1','Medecin');
INSERT INTO `Personnels`(`IDPerso`, `nb_Patient`, `Nom`, `age`, `sexe`, `profession`) VALUES (40,'6','Allen','30','2','aide-soignant-e');CREATE TABLE `Affecter` ( `IDLieux` text NOT NULL, `IDPerso` text NOT NULL ) ENGINE=InnoDB DEFAULT CHARSET=utf8 COLLATE=utf8_general_ci;INSERT INTO `Affecter`(`IDLieux`, `IDPerso`) VALUES (13,'28');
INSERT INTO `Affecter`(`IDLieux`, `IDPerso`) VALUES (21,'6');
INSERT INTO `Affecter`(`IDLieux`, `IDPerso`) VALUES (27,'22');
INSERT INTO `Affecter`(`IDLieux`, `IDPerso`) VALUES (40,'27');
INSERT INTO `Affecter`(`IDLieux`, `IDPerso`) VALUES (17,'10');
INSERT INTO `Affecter`(`IDLieux`, `IDPerso`) VALUES (35,'7');
INSERT INTO `Affecter`(`IDLieux`, `IDPerso`) VALUES (16,'6');
INSERT INTO `Affecter`(`IDLieux`, `IDPerso`) VALUES (38,'2');
INSERT INTO `Affecter`(`IDLieux`, `IDPerso`) VALUES (38,'28');
INSERT INTO `Affecter`(`IDLieux`, `IDPerso`) VALUES (17,'26');
INSERT INTO `Affecter`(`IDLieux`, `IDPerso`) VALUES (11,'25');
INSERT INTO `Affecter`(`IDLieux`, `IDPerso`) VALUES (20,'2');
INSERT INTO `Affecter`(`IDLieux`, `IDPerso`) VALUES (15,'38');
INSERT INTO `Affecter`(`IDLieux`, `IDPerso`) VALUES (10,'6');
INSERT INTO `Affecter`(`IDLieux`, `IDPerso`) VALUES (27,'25');
INSERT INTO `Affecter`(`IDLieux`, `IDPerso`) VALUES (25,'28');
INSERT INTO `Affecter`(`IDLieux`, `IDPerso`) VALUES (21,'25');
INSERT INTO `Affecter`(`IDLieux`, `IDPerso`) VALUES (10,'34');
INSERT INTO `Affecter`(`IDLieux`, `IDPerso`) VALUES (6,'4');
INSERT INTO `Affecter`(`IDLieux`, `IDPerso`) VALUES (7,'27');
INSERT INTO `Affecter`(`IDLieux`, `IDPerso`) VALUES (31,'12');
INSERT INTO `Affecter`(`IDLieux`, `IDPerso`) VALUES (19,'24');
INSERT INTO `Affecter`(`IDLieux`, `IDPerso`) VALUES (38,'23');
INSERT INTO `Affecter`(`IDLieux`, `IDPerso`) VALUES (38,'39');
INSERT INTO `Affecter`(`IDLieux`, `IDPerso`) VALUES (28,'28');
INSERT INTO `Affecter`(`IDLieux`, `IDPerso`) VALUES (13,'11');
INSERT INTO `Affecter`(`IDLieux`, `IDPerso`) VALUES (2,'24');
INSERT INTO `Affecter`(`IDLieux`, `IDPerso`) VALUES (5,'38');
INSERT INTO `Affecter`(`IDLieux`, `IDPerso`) VALUES (26,'31');
INSERT INTO `Affecter`(`IDLieux`, `IDPerso`) VALUES (2,'7');
INSERT INTO `Affecter`(`IDLieux`, `IDPerso`) VALUES (19,'3');
INSERT INTO `Affecter`(`IDLieux`, `IDPerso`) VALUES (10,'5');
INSERT INTO `Affecter`(`IDLieux`, `IDPerso`) VALUES (28,'37');
INSERT INTO `Affecter`(`IDLieux`, `IDPerso`) VALUES (8,'15');
INSERT INTO `Affecter`(`IDLieux`, `IDPerso`) VALUES (21,'19');
INSERT INTO `Affecter`(`IDLieux`, `IDPerso`) VALUES (26,'4');
INSERT INTO `Affecter`(`IDLieux`, `IDPerso`) VALUES (20,'11');
INSERT INTO `Affecter`(`IDLieux`, `IDPerso`) VALUES (25,'12');
INSERT INTO `Affecter`(`IDLieux`, `IDPerso`) VALUES (20,'33');
INSERT INTO `Affecter`(`IDLieux`, `IDPerso`) VALUES (15,'37');CREATE TABLE `VACCINER` ( `IDPerso` text NOT NULL, `NumSecu` text NOT NULL ) ENGINE=InnoDB DEFAULT CHARSET=utf8 COLLATE=utf8_general_ci;INSERT INTO `VACCINER`(`IDPerso`, `NumSecu`) VALUES (24,'2969295330126');
INSERT INTO `VACCINER`(`IDPerso`, `NumSecu`) VALUES (32,'1380679800432');
INSERT INTO `VACCINER`(`IDPerso`, `NumSecu`) VALUES (4,'2922786920182');
INSERT INTO `VACCINER`(`IDPerso`, `NumSecu`) VALUES (25,'2809195905766');
INSERT INTO `VACCINER`(`IDPerso`, `NumSecu`) VALUES (26,'2408812482320');
INSERT INTO `VACCINER`(`IDPerso`, `NumSecu`) VALUES (25,'2408812482320');
INSERT INTO `VACCINER`(`IDPerso`, `NumSecu`) VALUES (18,'2947605819876');
INSERT INTO `VACCINER`(`IDPerso`, `NumSecu`) VALUES (27,'2688674580373');
INSERT INTO `VACCINER`(`IDPerso`, `NumSecu`) VALUES (40,'1932632139771');
INSERT INTO `VACCINER`(`IDPerso`, `NumSecu`) VALUES (38,'2420610766274');
INSERT INTO `VACCINER`(`IDPerso`, `NumSecu`) VALUES (16,'2678545353594');
INSERT INTO `VACCINER`(`IDPerso`, `NumSecu`) VALUES (17,'1997954100679');
INSERT INTO `VACCINER`(`IDPerso`, `NumSecu`) VALUES (33,'1932632139771');
INSERT INTO `VACCINER`(`IDPerso`, `NumSecu`) VALUES (17,'1247177204204');
INSERT INTO `VACCINER`(`IDPerso`, `NumSecu`) VALUES (28,'1445042987385');
INSERT INTO `VACCINER`(`IDPerso`, `NumSecu`) VALUES (29,'1607316347504');
INSERT INTO `VACCINER`(`IDPerso`, `NumSecu`) VALUES (4,'2718390726448');
INSERT INTO `VACCINER`(`IDPerso`, `NumSecu`) VALUES (17,'2420610766274');
INSERT INTO `VACCINER`(`IDPerso`, `NumSecu`) VALUES (32,'2969295330126');
INSERT INTO `VACCINER`(`IDPerso`, `NumSecu`) VALUES (29,'2743560654751');
INSERT INTO `VACCINER`(`IDPerso`, `NumSecu`) VALUES (36,'1184447849652');
INSERT INTO `VACCINER`(`IDPerso`, `NumSecu`) VALUES (23,'2748182754927');
INSERT INTO `VACCINER`(`IDPerso`, `NumSecu`) VALUES (34,'1932632139771');
INSERT INTO `VACCINER`(`IDPerso`, `NumSecu`) VALUES (7,'1997954100679');
INSERT INTO `VACCINER`(`IDPerso`, `NumSecu`) VALUES (15,'1932632139771');
INSERT INTO `VACCINER`(`IDPerso`, `NumSecu`) VALUES (10,'1607316347504');
INSERT INTO `VACCINER`(`IDPerso`, `NumSecu`) VALUES (10,'1997954100679');
INSERT INTO `VACCINER`(`IDPerso`, `NumSecu`) VALUES (37,'2678545353594');
INSERT INTO `VACCINER`(`IDPerso`, `NumSecu`) VALUES (34,'1445042987385');
INSERT INTO `VACCINER`(`IDPerso`, `NumSecu`) VALUES (21,'1111902708480');
INSERT INTO `VACCINER`(`IDPerso`, `NumSecu`) VALUES (22,'2561012323221');
INSERT INTO `VACCINER`(`IDPerso`, `NumSecu`) VALUES (39,'2533525850887');
INSERT INTO `VACCINER`(`IDPerso`, `NumSecu`) VALUES (11,'1101984820713');
INSERT INTO `VACCINER`(`IDPerso`, `NumSecu`) VALUES (21,'2678545353594');
INSERT INTO `VACCINER`(`IDPerso`, `NumSecu`) VALUES (26,'2549505926575');
INSERT INTO `VACCINER`(`IDPerso`, `NumSecu`) VALUES (29,'1208034001746');
INSERT INTO `VACCINER`(`IDPerso`, `NumSecu`) VALUES (35,'2770371034974');
INSERT INTO `VACCINER`(`IDPerso`, `NumSecu`) VALUES (12,'1380679800432');
INSERT INTO `VACCINER`(`IDPerso`, `NumSecu`) VALUES (6,'2575970899646');
INSERT INTO `VACCINER`(`IDPerso`, `NumSecu`) VALUES (25,'2922786920182');COMMIT;